Date,Description,Category,Account,Type,Amount,Currency,Standing Balance
2026-10-13,QA scheduled,,QA Cash,expense,5,USD,856.95
2026-10-06,QA bulk 0023,,QA Cash,expense,0.01,USD,861.95
2026-10-06,QA bulk 1032,,QA Cash,expense,0.01,USD,861.96
2026-10-06,QA bulk 0699,,QA Cash,expense,0.01,USD,861.97
2026-10-06,QA bulk 0573,,QA Cash,expense,0.01,USD,861.98
2026-10-06,QA bulk 0150,,QA Cash,expense,0.01,USD,861.99
2026-10-06,QA bulk 0737,,QA Cash,expense,0.01,USD,862
2026-10-06,QA bulk 0059,,QA Cash,expense,0.01,USD,862.01
2026-10-06,QA bulk 0747,,QA Cash,expense,0.01,USD,862.02
2026-10-06,QA bulk 0395,,QA Cash,expense,0.01,USD,862.03
2026-10-06,QA bulk 1031,,QA Cash,expense,0.01,USD,862.04
2026-10-06,QA bulk 0939,,QA Cash,expense,0.01,USD,862.05
2026-10-06,QA bulk 0324,,QA Cash,expense,0.01,USD,862.06
2026-10-06,QA bulk 0493,,QA Cash,expense,0.01,USD,862.07
2026-10-06,QA bulk 0292,,QA Cash,expense,0.01,USD,862.08
2026-10-06,QA bulk 0799,,QA Cash,expense,0.01,USD,862.09
2026-10-06,QA bulk 0568,,QA Cash,expense,0.01,USD,862.1
2026-10-06,QA bulk 0119,,QA Cash,expense,0.01,USD,862.11
2026-10-06,QA bulk 0322,,QA Cash,expense,0.01,USD,862.12
2026-10-06,QA bulk 0221,,QA Cash,expense,0.01,USD,862.13
2026-10-06,QA bulk 1014,,QA Cash,expense,0.01,USD,862.14
2026-10-06,QA bulk 0753,,QA Cash,expense,0.01,USD,862.15
2026-10-06,QA bulk 0097,,QA Cash,expense,0.01,USD,862.16
2026-10-06,QA bulk 0053,,QA Cash,expense,0.01,USD,862.17
2026-10-06,QA bulk 0748,,QA Cash,expense,0.01,USD,862.18
2026-10-06,QA bulk 0354,,QA Cash,expense,0.01,USD,862.19
2026-10-06,QA bulk 0854,,QA Cash,expense,0.01,USD,862.2
2026-10-06,QA bulk 0651,,QA Cash,expense,0.01,USD,862.21
2026-10-06,QA bulk 0508,,QA Cash,expense,0.01,USD,862.22
2026-10-06,QA bulk 0191,,QA Cash,expense,0.01,USD,862.23
2026-10-06,QA bulk 0777,,QA Cash,expense,0.01,USD,862.24
2026-10-06,QA bulk 0921,,QA Cash,expense,0.01,USD,862.25
2026-10-06,QA bulk 0420,,QA Cash,expense,0.01,USD,862.26
2026-10-06,QA bulk 0049,,QA Cash,expense,0.01,USD,862.27
2026-10-06,QA bulk 0922,,QA Cash,expense,0.01,USD,862.28
2026-10-06,QA bulk 0755,,QA Cash,expense,0.01,USD,862.29
2026-10-06,QA bulk 0598,,QA Cash,expense,0.01,USD,862.3
2026-10-06,QA bulk 0095,,QA Cash,expense,0.01,USD,862.31
2026-10-06,QA bulk 0002,,QA Cash,expense,0.01,USD,862.32
2026-10-06,QA bulk 0211,,QA Cash,expense,0.01,USD,862.33
2026-10-06,QA bulk 0986,,QA Cash,expense,0.01,USD,862.34
2026-10-06,QA bulk 0978,,QA Cash,expense,0.01,USD,862.35
2026-10-06,QA bulk 0783,,QA Cash,expense,0.01,USD,862.36
2026-10-06,QA bulk 0404,,QA Cash,expense,0.01,USD,862.37
2026-10-06,QA bulk 0185,,QA Cash,expense,0.01,USD,862.38
2026-10-06,QA bulk 0163,,QA Cash,expense,0.01,USD,862.39
2026-10-06,QA bulk 0964,,QA Cash,expense,0.01,USD,862.4
2026-10-06,QA bulk 1089,,QA Cash,expense,0.01,USD,862.41
2026-10-06,QA bulk 0264,,QA Cash,expense,0.01,USD,862.42
2026-10-06,QA bulk 0007,,QA Cash,expense,0.01,USD,862.43
2026-10-06,QA bulk 0529,,QA Cash,expense,0.01,USD,862.44
2026-10-06,QA bulk 0140,,QA Cash,expense,0.01,USD,862.45
2026-10-06,QA bulk 0187,,QA Cash,expense,0.01,USD,862.46
2026-10-06,QA bulk 0460,,QA Cash,expense,0.01,USD,862.47
2026-10-06,QA bulk 0805,,QA Cash,expense,0.01,USD,862.48
2026-10-06,QA bulk 0486,,QA Cash,expense,0.01,USD,862.49
2026-10-06,QA bulk 0176,,QA Cash,expense,0.01,USD,862.5
2026-10-06,QA bulk 0735,,QA Cash,expense,0.01,USD,862.51
2026-10-06,QA bulk 0638,,QA Cash,expense,0.01,USD,862.52
2026-10-06,QA bulk 0689,,QA Cash,expense,0.01,USD,862.53
2026-10-06,QA bulk 0495,,QA Cash,expense,0.01,USD,862.54
2026-10-06,QA bulk 0998,,QA Cash,expense,0.01,USD,862.55
2026-10-06,QA bulk 0336,,QA Cash,expense,0.01,USD,862.56
2026-10-06,QA bulk 0006,,QA Cash,expense,0.01,USD,862.57
2026-10-06,QA bulk 0696,,QA Cash,expense,0.01,USD,862.58
2026-10-06,QA bulk 0794,,QA Cash,expense,0.01,USD,862.59
2026-10-06,QA bulk 0145,,QA Cash,expense,0.01,USD,862.6
2026-10-06,QA bulk 0261,,QA Cash,expense,0.01,USD,862.61
2026-10-06,QA bulk 0093,,QA Cash,expense,0.01,USD,862.62
2026-10-06,QA bulk 0172,,QA Cash,expense,0.01,USD,862.63
2026-10-06,QA bulk 0239,,QA Cash,expense,0.01,USD,862.64
2026-10-06,QA bulk 0204,,QA Cash,expense,0.01,USD,862.65
2026-10-06,QA bulk 0912,,QA Cash,expense,0.01,USD,862.66
2026-10-06,QA bulk 0025,,QA Cash,expense,0.01,USD,862.67
2026-10-06,QA bulk 0329,,QA Cash,expense,0.01,USD,862.68
2026-10-06,QA bulk 0255,,QA Cash,expense,0.01,USD,862.69
2026-10-06,QA bulk 0415,,QA Cash,expense,0.01,USD,862.7
2026-10-06,QA bulk 0860,,QA Cash,expense,0.01,USD,862.71
2026-10-06,QA bulk 0871,,QA Cash,expense,0.01,USD,862.72
2026-10-06,QA bulk 0457,,QA Cash,expense,0.01,USD,862.73
2026-10-06,QA bulk 0186,,QA Cash,expense,0.01,USD,862.74
2026-10-06,QA bulk 0561,,QA Cash,expense,0.01,USD,862.75
2026-10-06,QA bulk 0792,,QA Cash,expense,0.01,USD,862.76
2026-10-06,QA bulk 0149,,QA Cash,expense,0.01,USD,862.77
2026-10-06,QA bulk 0020,,QA Cash,expense,0.01,USD,862.78
2026-10-06,QA bulk 0391,,QA Cash,expense,0.01,USD,862.79
2026-10-06,QA bulk 0992,,QA Cash,expense,0.01,USD,862.8
2026-10-06,QA bulk 0719,,QA Cash,expense,0.01,USD,862.81
2026-10-06,QA bulk 0088,,QA Cash,expense,0.01,USD,862.82
2026-10-06,QA bulk 1086,,QA Cash,expense,0.01,USD,862.83
2026-10-06,QA bulk 1050,,QA Cash,expense,0.01,USD,862.84
2026-10-06,QA bulk 0816,,QA Cash,expense,0.01,USD,862.85
2026-10-06,QA bulk 0371,,QA Cash,expense,0.01,USD,862.86
2026-10-06,QA bulk 0383,,QA Cash,expense,0.01,USD,862.87
2026-10-06,QA bulk 0970,,QA Cash,expense,0.01,USD,862.88
2026-10-06,QA bulk 0640,,QA Cash,expense,0.01,USD,862.89
2026-10-06,QA bulk 0500,,QA Cash,expense,0.01,USD,862.9
2026-10-06,QA bulk 0215,,QA Cash,expense,0.01,USD,862.91
2026-10-06,QA bulk 0214,,QA Cash,expense,0.01,USD,862.92
2026-10-06,QA bulk 1099,,QA Cash,expense,0.01,USD,862.93
2026-10-06,QA bulk 0065,,QA Cash,expense,0.01,USD,862.94
2026-10-06,QA bulk 0692,,QA Cash,expense,0.01,USD,862.95
2026-10-06,QA bulk 0935,,QA Cash,expense,0.01,USD,862.96
2026-10-06,QA bulk 0397,,QA Cash,expense,0.01,USD,862.97
2026-10-06,QA bulk 0585,,QA Cash,expense,0.01,USD,862.98
2026-10-06,QA bulk 0579,,QA Cash,expense,0.01,USD,862.99
2026-10-06,QA bulk 0366,,QA Cash,expense,0.01,USD,863
2026-10-06,QA bulk 1046,,QA Cash,expense,0.01,USD,863.01
2026-10-06,QA bulk 0994,,QA Cash,expense,0.01,USD,863.02
2026-10-06,QA bulk 0590,,QA Cash,expense,0.01,USD,863.03
2026-10-06,QA bulk 0219,,QA Cash,expense,0.01,USD,863.04
2026-10-06,QA bulk 0306,,QA Cash,expense,0.01,USD,863.05
2026-10-06,QA bulk 0189,,QA Cash,expense,0.01,USD,863.06
2026-10-06,QA bulk 0869,,QA Cash,expense,0.01,USD,863.07
2026-10-06,QA bulk 0202,,QA Cash,expense,0.01,USD,863.08
2026-10-06,QA bulk 0557,,QA Cash,expense,0.01,USD,863.09
2026-10-06,QA bulk 0865,,QA Cash,expense,0.01,USD,863.1
2026-10-06,QA bulk 0880,,QA Cash,expense,0.01,USD,863.11
2026-10-06,QA bulk 0294,,QA Cash,expense,0.01,USD,863.12
2026-10-06,QA bulk 0273,,QA Cash,expense,0.01,USD,863.13
2026-10-06,QA bulk 0410,,QA Cash,expense,0.01,USD,863.14
2026-10-06,QA bulk 0931,,QA Cash,expense,0.01,USD,863.15
2026-10-06,QA bulk 1067,,QA Cash,expense,0.01,USD,863.16
2026-10-06,QA bulk 0265,,QA Cash,expense,0.01,USD,863.17
2026-10-06,QA bulk 0473,,QA Cash,expense,0.01,USD,863.18
2026-10-06,QA bulk 0072,,QA Cash,expense,0.01,USD,863.19
2026-10-06,QA bulk 0483,,QA Cash,expense,0.01,USD,863.2
2026-10-06,QA bulk 0814,,QA Cash,expense,0.01,USD,863.21
2026-10-06,QA bulk 0394,,QA Cash,expense,0.01,USD,863.22
2026-10-06,QA bulk 0773,,QA Cash,expense,0.01,USD,863.23
2026-10-06,QA bulk 1021,,QA Cash,expense,0.01,USD,863.24
2026-10-06,QA bulk 0861,,QA Cash,expense,0.01,USD,863.25
2026-10-06,QA bulk 0763,,QA Cash,expense,0.01,USD,863.26
2026-10-06,QA bulk 0056,,QA Cash,expense,0.01,USD,863.27
2026-10-06,QA bulk 0707,,QA Cash,expense,0.01,USD,863.28
2026-10-06,QA bulk 0218,,QA Cash,expense,0.01,USD,863.29
2026-10-06,QA bulk 0789,,QA Cash,expense,0.01,USD,863.3
2026-10-06,QA bulk 0109,,QA Cash,expense,0.01,USD,863.31
2026-10-06,QA bulk 0509,,QA Cash,expense,0.01,USD,863.32
2026-10-06,QA bulk 0317,,QA Cash,expense,0.01,USD,863.33
2026-10-06,QA bulk 0253,,QA Cash,expense,0.01,USD,863.34
2026-10-06,QA bulk 0096,,QA Cash,expense,0.01,USD,863.35
2026-10-06,QA bulk 0228,,QA Cash,expense,0.01,USD,863.36
2026-10-06,QA bulk 0013,,QA Cash,expense,0.01,USD,863.37
2026-10-06,QA bulk 0908,,QA Cash,expense,0.01,USD,863.38
2026-10-06,QA bulk 0732,,QA Cash,expense,0.01,USD,863.39
2026-10-06,QA bulk 0825,,QA Cash,expense,0.01,USD,863.4
2026-10-06,QA bulk 0566,,QA Cash,expense,0.01,USD,863.41
2026-10-06,QA bulk 1042,,QA Cash,expense,0.01,USD,863.42
2026-10-06,QA bulk 0502,,QA Cash,expense,0.01,USD,863.43
2026-10-06,QA bulk 0902,,QA Cash,expense,0.01,USD,863.44
2026-10-06,QA bulk 0247,,QA Cash,expense,0.01,USD,863.45
2026-10-06,QA bulk 0726,,QA Cash,expense,0.01,USD,863.46
2026-10-06,QA bulk 0564,,QA Cash,expense,0.01,USD,863.47
2026-10-06,QA bulk 0128,,QA Cash,expense,0.01,USD,863.48
2026-10-06,QA bulk 0436,,QA Cash,expense,0.01,USD,863.49
2026-10-06,QA bulk 0424,,QA Cash,expense,0.01,USD,863.5
2026-10-06,QA bulk 0015,,QA Cash,expense,0.01,USD,863.51
2026-10-06,QA bulk 1068,,QA Cash,expense,0.01,USD,863.52
2026-10-06,QA bulk 0468,,QA Cash,expense,0.01,USD,863.53
2026-10-06,QA bulk 0302,,QA Cash,expense,0.01,USD,863.54
2026-10-06,QA bulk 0572,,QA Cash,expense,0.01,USD,863.55
2026-10-06,QA bulk 0536,,QA Cash,expense,0.01,USD,863.56
2026-10-06,QA bulk 0359,,QA Cash,expense,0.01,USD,863.57
2026-10-06,QA bulk 1102,,QA Cash,expense,0.01,USD,863.58
2026-10-06,QA bulk 0369,,QA Cash,expense,0.01,USD,863.59
2026-10-06,QA bulk 0832,,QA Cash,expense,0.01,USD,863.6
2026-10-06,QA bulk 0105,,QA Cash,expense,0.01,USD,863.61
2026-10-06,QA bulk 0569,,QA Cash,expense,0.01,USD,863.62
2026-10-06,QA bulk 0441,,QA Cash,expense,0.01,USD,863.63
2026-10-06,QA bulk 0786,,QA Cash,expense,0.01,USD,863.64
2026-10-06,QA bulk 0372,,QA Cash,expense,0.01,USD,863.65
2026-10-06,QA bulk 0980,,QA Cash,expense,0.01,USD,863.66
2026-10-06,QA bulk 0450,,QA Cash,expense,0.01,USD,863.67
2026-10-06,QA bulk 0884,,QA Cash,expense,0.01,USD,863.68
2026-10-06,QA bulk 0368,,QA Cash,expense,0.01,USD,863.69
2026-10-06,QA bulk 0914,,QA Cash,expense,0.01,USD,863.7
2026-10-06,QA bulk 0003,,QA Cash,expense,0.01,USD,863.71
2026-10-06,QA bulk 0979,,QA Cash,expense,0.01,USD,863.72
2026-10-06,QA bulk 0062,,QA Cash,expense,0.01,USD,863.73
2026-10-06,QA bulk 0429,,QA Cash,expense,0.01,USD,863.74
2026-10-06,QA bulk 0746,,QA Cash,expense,0.01,USD,863.75
2026-10-06,QA bulk 0532,,QA Cash,expense,0.01,USD,863.76
2026-10-06,QA bulk 0784,,QA Cash,expense,0.01,USD,863.77
2026-10-06,QA bulk 0005,,QA Cash,expense,0.01,USD,863.78
2026-10-06,QA bulk 1026,,QA Cash,expense,0.01,USD,863.79
2026-10-06,QA bulk 1015,,QA Cash,expense,0.01,USD,863.8
2026-10-06,QA bulk 0946,,QA Cash,expense,0.01,USD,863.81
2026-10-06,QA bulk 0319,,QA Cash,expense,0.01,USD,863.82
2026-10-06,QA bulk 0533,,QA Cash,expense,0.01,USD,863.83
2026-10-06,QA bulk 0398,,QA Cash,expense,0.01,USD,863.84
2026-10-06,QA bulk 0227,,QA Cash,expense,0.01,USD,863.85
2026-10-06,QA bulk 0915,,QA Cash,expense,0.01,USD,863.86
2026-10-06,QA bulk 0259,,QA Cash,expense,0.01,USD,863.87
2026-10-06,QA bulk 0043,,QA Cash,expense,0.01,USD,863.88
2026-10-06,QA bulk 0114,,QA Cash,expense,0.01,USD,863.89
2026-10-06,QA bulk 0309,,QA Cash,expense,0.01,USD,863.9
2026-10-06,QA bulk 0581,,QA Cash,expense,0.01,USD,863.91
2026-10-06,QA bulk 0199,,QA Cash,expense,0.01,USD,863.92
2026-10-06,QA bulk 0494,,QA Cash,expense,0.01,USD,863.93
2026-10-06,QA bulk 0304,,QA Cash,expense,0.01,USD,863.94
2026-10-06,QA bulk 0052,,QA Cash,expense,0.01,USD,863.95
2026-10-06,QA bulk 0552,,QA Cash,expense,0.01,USD,863.96
2026-10-06,QA bulk 0103,,QA Cash,expense,0.01,USD,863.97
2026-10-06,QA bulk 0009,,QA Cash,expense,0.01,USD,863.98
2026-10-06,QA bulk 0060,,QA Cash,expense,0.01,USD,863.99
2026-10-06,QA bulk 0117,,QA Cash,expense,0.01,USD,864
2026-10-06,QA bulk 0859,,QA Cash,expense,0.01,USD,864.01
2026-10-06,QA bulk 0855,,QA Cash,expense,0.01,USD,864.02
2026-10-06,QA bulk 0352,,QA Cash,expense,0.01,USD,864.03
2026-10-06,QA bulk 0938,,QA Cash,expense,0.01,USD,864.04
2026-10-06,QA bulk 0774,,QA Cash,expense,0.01,USD,864.05
2026-10-06,QA bulk 0929,,QA Cash,expense,0.01,USD,864.06
2026-10-06,QA bulk 0803,,QA Cash,expense,0.01,USD,864.07
2026-10-06,QA bulk 0378,,QA Cash,expense,0.01,USD,864.08
2026-10-06,QA bulk 0177,,QA Cash,expense,0.01,USD,864.09
2026-10-06,QA bulk 0796,,QA Cash,expense,0.01,USD,864.1
2026-10-06,QA bulk 0874,,QA Cash,expense,0.01,USD,864.11
2026-10-06,QA bulk 0067,,QA Cash,expense,0.01,USD,864.12
2026-10-06,QA bulk 0672,,QA Cash,expense,0.01,USD,864.13
2026-10-06,QA bulk 0332,,QA Cash,expense,0.01,USD,864.14
2026-10-06,QA bulk 0516,,QA Cash,expense,0.01,USD,864.15
2026-10-06,QA bulk 0642,,QA Cash,expense,0.01,USD,864.16
2026-10-06,QA bulk 0342,,QA Cash,expense,0.01,USD,864.17
2026-10-06,QA bulk 0673,,QA Cash,expense,0.01,USD,864.18
2026-10-06,QA bulk 0467,,QA Cash,expense,0.01,USD,864.19
2026-10-06,QA bulk 0401,,QA Cash,expense,0.01,USD,864.2
2026-10-06,QA bulk 0341,,QA Cash,expense,0.01,USD,864.21
2026-10-06,QA bulk 0901,,QA Cash,expense,0.01,USD,864.22
2026-10-06,QA bulk 0963,,QA Cash,expense,0.01,USD,864.23
2026-10-06,QA bulk 1077,,QA Cash,expense,0.01,USD,864.24
2026-10-06,QA bulk 0440,,QA Cash,expense,0.01,USD,864.25
2026-10-06,QA bulk 0446,,QA Cash,expense,0.01,USD,864.26
2026-10-06,QA bulk 0704,,QA Cash,expense,0.01,USD,864.27
2026-10-06,QA bulk 0138,,QA Cash,expense,0.01,USD,864.28
2026-10-06,QA bulk 0636,,QA Cash,expense,0.01,USD,864.29
2026-10-06,QA bulk 0981,,QA Cash,expense,0.01,USD,864.3
2026-10-06,QA bulk 0670,,QA Cash,expense,0.01,USD,864.31
2026-10-06,QA bulk 0725,,QA Cash,expense,0.01,USD,864.32
2026-10-06,QA bulk 0238,,QA Cash,expense,0.01,USD,864.33
2026-10-06,QA bulk 0554,,QA Cash,expense,0.01,USD,864.34
2026-10-06,QA bulk 0537,,QA Cash,expense,0.01,USD,864.35
2026-10-06,QA bulk 0657,,QA Cash,expense,0.01,USD,864.36
2026-10-06,QA bulk 0139,,QA Cash,expense,0.01,USD,864.37
2026-10-06,QA bulk 0328,,QA Cash,expense,0.01,USD,864.38
2026-10-06,QA bulk 0752,,QA Cash,expense,0.01,USD,864.39
2026-10-06,QA bulk 0535,,QA Cash,expense,0.01,USD,864.4
2026-10-06,QA bulk 0688,,QA Cash,expense,0.01,USD,864.41
2026-10-06,QA bulk 0541,,QA Cash,expense,0.01,USD,864.42
2026-10-06,QA bulk 0212,,QA Cash,expense,0.01,USD,864.43
2026-10-06,QA bulk 0451,,QA Cash,expense,0.01,USD,864.44
2026-10-06,QA bulk 1043,,QA Cash,expense,0.01,USD,864.45
2026-10-06,QA bulk 0584,,QA Cash,expense,0.01,USD,864.46
2026-10-06,QA bulk 0399,,QA Cash,expense,0.01,USD,864.47
2026-10-06,QA bulk 0201,,QA Cash,expense,0.01,USD,864.48
2026-10-06,QA bulk 0320,,QA Cash,expense,0.01,USD,864.49
2026-10-06,QA bulk 0208,,QA Cash,expense,0.01,USD,864.5
2026-10-06,QA bulk 0583,,QA Cash,expense,0.01,USD,864.51
2026-10-06,QA bulk 0960,,QA Cash,expense,0.01,USD,864.52
2026-10-06,QA bulk 0547,,QA Cash,expense,0.01,USD,864.53
2026-10-06,QA bulk 0520,,QA Cash,expense,0.01,USD,864.54
2026-10-06,QA bulk 0307,,QA Cash,expense,0.01,USD,864.55
2026-10-06,QA bulk 0081,,QA Cash,expense,0.01,USD,864.56
2026-10-06,QA bulk 0487,,QA Cash,expense,0.01,USD,864.57
2026-10-06,QA bulk 0968,,QA Cash,expense,0.01,USD,864.58
2026-10-06,QA bulk 0653,,QA Cash,expense,0.01,USD,864.59
2026-10-06,QA bulk 0048,,QA Cash,expense,0.01,USD,864.6
2026-10-06,QA bulk 0765,,QA Cash,expense,0.01,USD,864.61
2026-10-06,QA bulk 0534,,QA Cash,expense,0.01,USD,864.62
2026-10-06,QA bulk 0384,,QA Cash,expense,0.01,USD,864.63
2026-10-06,QA bulk 0857,,QA Cash,expense,0.01,USD,864.64
2026-10-06,QA bulk 0612,,QA Cash,expense,0.01,USD,864.65
2026-10-06,QA bulk 0666,,QA Cash,expense,0.01,USD,864.66
2026-10-06,QA bulk 0387,,QA Cash,expense,0.01,USD,864.67
2026-10-06,QA bulk 0840,,QA Cash,expense,0.01,USD,864.68
2026-10-06,QA bulk 1060,,QA Cash,expense,0.01,USD,864.69
2026-10-06,QA bulk 0629,,QA Cash,expense,0.01,USD,864.7
2026-10-06,QA bulk 0530,,QA Cash,expense,0.01,USD,864.71
2026-10-06,QA bulk 0084,,QA Cash,expense,0.01,USD,864.72
2026-10-06,QA bulk 0558,,QA Cash,expense,0.01,USD,864.73
2026-10-06,QA bulk 0956,,QA Cash,expense,0.01,USD,864.74
2026-10-06,QA bulk 0664,,QA Cash,expense,0.01,USD,864.75
2026-10-06,QA bulk 0659,,QA Cash,expense,0.01,USD,864.76
2026-10-06,QA bulk 1091,,QA Cash,expense,0.01,USD,864.77
2026-10-06,QA bulk 0971,,QA Cash,expense,0.01,USD,864.78
2026-10-06,QA bulk 0154,,QA Cash,expense,0.01,USD,864.79
2026-10-06,QA bulk 0905,,QA Cash,expense,0.01,USD,864.8
2026-10-06,QA bulk 0601,,QA Cash,expense,0.01,USD,864.81
2026-10-06,QA bulk 0615,,QA Cash,expense,0.01,USD,864.82
2026-10-06,QA bulk 0413,,QA Cash,expense,0.01,USD,864.83
2026-10-06,QA bulk 1035,,QA Cash,expense,0.01,USD,864.84
2026-10-06,QA bulk 0550,,QA Cash,expense,0.01,USD,864.85
2026-10-06,QA bulk 0188,,QA Cash,expense,0.01,USD,864.86
2026-10-06,QA bulk 0356,,QA Cash,expense,0.01,USD,864.87
2026-10-06,QA bulk 0374,,QA Cash,expense,0.01,USD,864.88
2026-10-06,QA bulk 0107,,QA Cash,expense,0.01,USD,864.89
2026-10-06,QA bulk 0920,,QA Cash,expense,0.01,USD,864.9
2026-10-06,QA bulk 0684,,QA Cash,expense,0.01,USD,864.91
2026-10-06,QA bulk 0305,,QA Cash,expense,0.01,USD,864.92
2026-10-06,QA bulk 0479,,QA Cash,expense,0.01,USD,864.93
2026-10-06,QA bulk 0811,,QA Cash,expense,0.01,USD,864.94
2026-10-06,QA bulk 0037,,QA Cash,expense,0.01,USD,864.95
2026-10-06,QA bulk 1030,,QA Cash,expense,0.01,USD,864.96
2026-10-06,QA bulk 0315,,QA Cash,expense,0.01,USD,864.97
2026-10-06,QA bulk 0776,,QA Cash,expense,0.01,USD,864.98
2026-10-06,QA bulk 0730,,QA Cash,expense,0.01,USD,864.99
2026-10-06,QA bulk 0996,,QA Cash,expense,0.01,USD,865
2026-10-06,QA bulk 0744,,QA Cash,expense,0.01,USD,865.01
2026-10-06,QA bulk 0519,,QA Cash,expense,0.01,USD,865.02
2026-10-06,QA bulk 0447,,QA Cash,expense,0.01,USD,865.03
2026-10-06,QA bulk 0831,,QA Cash,expense,0.01,USD,865.04
2026-10-06,QA bulk 0652,,QA Cash,expense,0.01,USD,865.05
2026-10-06,QA bulk 0141,,QA Cash,expense,0.01,USD,865.06
2026-10-06,QA bulk 0047,,QA Cash,expense,0.01,USD,865.07
2026-10-06,QA bulk 0313,,QA Cash,expense,0.01,USD,865.08
2026-10-06,QA bulk 0610,,QA Cash,expense,0.01,USD,865.09
2026-10-06,QA bulk 0691,,QA Cash,expense,0.01,USD,865.1
2026-10-06,QA bulk 0361,,QA Cash,expense,0.01,USD,865.11
2026-10-06,QA bulk 0263,,QA Cash,expense,0.01,USD,865.12
2026-10-06,QA bulk 0928,,QA Cash,expense,0.01,USD,865.13
2026-10-06,QA bulk 0941,,QA Cash,expense,0.01,USD,865.14
2026-10-06,QA bulk 1012,,QA Cash,expense,0.01,USD,865.15
2026-10-06,QA bulk 0646,,QA Cash,expense,0.01,USD,865.16
2026-10-06,QA bulk 1056,,QA Cash,expense,0.01,USD,865.17
2026-10-06,QA bulk 1079,,QA Cash,expense,0.01,USD,865.18
2026-10-06,QA bulk 0173,,QA Cash,expense,0.01,USD,865.19
2026-10-06,QA bulk 0589,,QA Cash,expense,0.01,USD,865.2
2026-10-06,QA bulk 0842,,QA Cash,expense,0.01,USD,865.21
2026-10-06,QA bulk 0087,,QA Cash,expense,0.01,USD,865.22
2026-10-06,QA bulk 0850,,QA Cash,expense,0.01,USD,865.23
2026-10-06,QA bulk 0697,,QA Cash,expense,0.01,USD,865.24
2026-10-06,QA bulk 1019,,QA Cash,expense,0.01,USD,865.25
2026-10-06,QA bulk 0337,,QA Cash,expense,0.01,USD,865.26
2026-10-06,QA bulk 0050,,QA Cash,expense,0.01,USD,865.27
2026-10-06,QA bulk 0790,,QA Cash,expense,0.01,USD,865.28
2026-10-06,QA bulk 0985,,QA Cash,expense,0.01,USD,865.29
2026-10-06,QA bulk 1022,,QA Cash,expense,0.01,USD,865.3
2026-10-06,QA bulk 0074,,QA Cash,expense,0.01,USD,865.31
2026-10-06,QA bulk 0232,,QA Cash,expense,0.01,USD,865.32
2026-10-06,QA bulk 0077,,QA Cash,expense,0.01,USD,865.33
2026-10-06,QA bulk 0555,,QA Cash,expense,0.01,USD,865.34
2026-10-06,QA bulk 1097,,QA Cash,expense,0.01,USD,865.35
2026-10-06,QA bulk 0586,,QA Cash,expense,0.01,USD,865.36
2026-10-06,QA bulk 0000,,QA Cash,expense,0.01,USD,865.37
2026-10-06,QA bulk 0903,,QA Cash,expense,0.01,USD,865.38
2026-10-06,QA bulk 0311,,QA Cash,expense,0.01,USD,865.39
2026-10-06,QA bulk 0614,,QA Cash,expense,0.01,USD,865.4
2026-10-06,QA bulk 0846,,QA Cash,expense,0.01,USD,865.41
2026-10-06,QA bulk 0518,,QA Cash,expense,0.01,USD,865.42
2026-10-06,QA bulk 0289,,QA Cash,expense,0.01,USD,865.43
2026-10-06,QA bulk 0781,,QA Cash,expense,0.01,USD,865.44
2026-10-06,QA bulk 0962,,QA Cash,expense,0.01,USD,865.45
2026-10-06,QA bulk 0942,,QA Cash,expense,0.01,USD,865.46
2026-10-06,QA bulk 0365,,QA Cash,expense,0.01,USD,865.47
2026-10-06,QA bulk 0225,,QA Cash,expense,0.01,USD,865.48
2026-10-06,QA bulk 1062,,QA Cash,expense,0.01,USD,865.49
2026-10-06,QA bulk 0041,,QA Cash,expense,0.01,USD,865.5
2026-10-06,QA bulk 0016,,QA Cash,expense,0.01,USD,865.51
2026-10-06,QA bulk 1004,,QA Cash,expense,0.01,USD,865.52
2026-10-06,QA bulk 0953,,QA Cash,expense,0.01,USD,865.53
2026-10-06,QA bulk 0312,,QA Cash,expense,0.01,USD,865.54
2026-10-06,QA bulk 0256,,QA Cash,expense,0.01,USD,865.55
2026-10-06,QA bulk 1052,,QA Cash,expense,0.01,USD,865.56
2026-10-06,QA bulk 0924,,QA Cash,expense,0.01,USD,865.57
2026-10-06,QA bulk 0144,,QA Cash,expense,0.01,USD,865.58
2026-10-06,QA bulk 0587,,QA Cash,expense,0.01,USD,865.59
2026-10-06,QA bulk 0987,,QA Cash,expense,0.01,USD,865.6
2026-10-06,QA bulk 0430,,QA Cash,expense,0.01,USD,865.61
2026-10-06,QA bulk 0916,,QA Cash,expense,0.01,USD,865.62
2026-10-06,QA bulk 0051,,QA Cash,expense,0.01,USD,865.63
2026-10-06,QA bulk 1018,,QA Cash,expense,0.01,USD,865.64
2026-10-06,QA bulk 0677,,QA Cash,expense,0.01,USD,865.65
2026-10-06,QA bulk 0700,,QA Cash,expense,0.01,USD,865.66
2026-10-06,QA bulk 0444,,QA Cash,expense,0.01,USD,865.67
2026-10-06,QA bulk 0370,,QA Cash,expense,0.01,USD,865.68
2026-10-06,QA bulk 0054,,QA Cash,expense,0.01,USD,865.69
2026-10-06,QA bulk 0459,,QA Cash,expense,0.01,USD,865.7
2026-10-06,QA bulk 0362,,QA Cash,expense,0.01,USD,865.71
2026-10-06,QA bulk 0937,,QA Cash,expense,0.01,USD,865.72
2026-10-06,QA bulk 0407,,QA Cash,expense,0.01,USD,865.73
2026-10-06,QA bulk 0237,,QA Cash,expense,0.01,USD,865.74
2026-10-06,QA bulk 0720,,QA Cash,expense,0.01,USD,865.75
2026-10-06,QA bulk 0197,,QA Cash,expense,0.01,USD,865.76
2026-10-06,QA bulk 0396,,QA Cash,expense,0.01,USD,865.77
2026-10-06,QA bulk 0386,,QA Cash,expense,0.01,USD,865.78
2026-10-06,QA bulk 1059,,QA Cash,expense,0.01,USD,865.79
2026-10-06,QA bulk 0609,,QA Cash,expense,0.01,USD,865.8
2026-10-06,QA bulk 0110,,QA Cash,expense,0.01,USD,865.81
2026-10-06,QA bulk 0301,,QA Cash,expense,0.01,USD,865.82
2026-10-06,QA bulk 0194,,QA Cash,expense,0.01,USD,865.83
2026-10-06,QA bulk 0899,,QA Cash,expense,0.01,USD,865.84
2026-10-06,QA bulk 0203,,QA Cash,expense,0.01,USD,865.85
2026-10-06,QA bulk 1048,,QA Cash,expense,0.01,USD,865.86
2026-10-06,QA bulk 0694,,QA Cash,expense,0.01,USD,865.87
2026-10-06,QA bulk 0727,,QA Cash,expense,0.01,USD,865.88
2026-10-06,QA bulk 0086,,QA Cash,expense,0.01,USD,865.89
2026-10-06,QA bulk 0152,,QA Cash,expense,0.01,USD,865.9
2026-10-06,QA bulk 0127,,QA Cash,expense,0.01,USD,865.91
2026-10-06,QA bulk 0106,,QA Cash,expense,0.01,USD,865.92
2026-10-06,QA bulk 0701,,QA Cash,expense,0.01,USD,865.93
2026-10-06,QA bulk 0507,,QA Cash,expense,0.01,USD,865.94
2026-10-06,QA bulk 0878,,QA Cash,expense,0.01,USD,865.95
2026-10-06,QA bulk 0897,,QA Cash,expense,0.01,USD,865.96
2026-10-06,QA bulk 0625,,QA Cash,expense,0.01,USD,865.97
2026-10-06,QA bulk 0637,,QA Cash,expense,0.01,USD,865.98
2026-10-06,QA bulk 0318,,QA Cash,expense,0.01,USD,865.99
2026-10-06,QA bulk 0456,,QA Cash,expense,0.01,USD,866
2026-10-06,QA bulk 0010,,QA Cash,expense,0.01,USD,866.01
2026-10-06,QA bulk 0522,,QA Cash,expense,0.01,USD,866.02
2026-10-06,QA bulk 0182,,QA Cash,expense,0.01,USD,866.03
2026-10-06,QA bulk 0936,,QA Cash,expense,0.01,USD,866.04
2026-10-06,QA bulk 0622,,QA Cash,expense,0.01,USD,866.05
2026-10-06,QA bulk 0245,,QA Cash,expense,0.01,USD,866.06
2026-10-06,QA bulk 0442,,QA Cash,expense,0.01,USD,866.07
2026-10-06,QA bulk 0930,,QA Cash,expense,0.01,USD,866.08
2026-10-06,QA bulk 1064,,QA Cash,expense,0.01,USD,866.09
2026-10-06,QA bulk 0824,,QA Cash,expense,0.01,USD,866.1
2026-10-06,QA bulk 0660,,QA Cash,expense,0.01,USD,866.11
2026-10-06,QA bulk 0334,,QA Cash,expense,0.01,USD,866.12
2026-10-06,QA bulk 0503,,QA Cash,expense,0.01,USD,866.13
2026-10-06,QA bulk 0017,,QA Cash,expense,0.01,USD,866.14
2026-10-06,QA bulk 0364,,QA Cash,expense,0.01,USD,866.15
2026-10-06,QA bulk 0883,,QA Cash,expense,0.01,USD,866.16
2026-10-06,QA bulk 0275,,QA Cash,expense,0.01,USD,866.17
2026-10-06,QA bulk 0683,,QA Cash,expense,0.01,USD,866.18
2026-10-06,QA bulk 0714,,QA Cash,expense,0.01,USD,866.19
2026-10-06,QA bulk 0196,,QA Cash,expense,0.01,USD,866.2
2026-10-06,QA bulk 0867,,QA Cash,expense,0.01,USD,866.21
2026-10-06,QA bulk 0751,,QA Cash,expense,0.01,USD,866.22
2026-10-06,QA bulk 0297,,QA Cash,expense,0.01,USD,866.23
2026-10-06,QA bulk 1071,,QA Cash,expense,0.01,USD,866.24
2026-10-06,QA bulk 1040,,QA Cash,expense,0.01,USD,866.25
2026-10-06,QA bulk 0634,,QA Cash,expense,0.01,USD,866.26
2026-10-06,QA bulk 0731,,QA Cash,expense,0.01,USD,866.27
2026-10-06,QA bulk 0718,,QA Cash,expense,0.01,USD,866.28
2026-10-06,QA bulk 0178,,QA Cash,expense,0.01,USD,866.29
2026-10-06,QA bulk 0807,,QA Cash,expense,0.01,USD,866.3
2026-10-06,QA bulk 0668,,QA Cash,expense,0.01,USD,866.31
2026-10-06,QA bulk 0419,,QA Cash,expense,0.01,USD,866.32
2026-10-06,QA bulk 0321,,QA Cash,expense,0.01,USD,866.33
2026-10-06,QA bulk 0380,,QA Cash,expense,0.01,USD,866.34
2026-10-06,QA bulk 0290,,QA Cash,expense,0.01,USD,866.35
2026-10-06,QA bulk 0750,,QA Cash,expense,0.01,USD,866.36
2026-10-06,QA bulk 0539,,QA Cash,expense,0.01,USD,866.37
2026-10-06,QA bulk 0433,,QA Cash,expense,0.01,USD,866.38
2026-10-06,QA bulk 0408,,QA Cash,expense,0.01,USD,866.39
2026-10-06,QA bulk 0168,,QA Cash,expense,0.01,USD,866.4
2026-10-06,QA bulk 0616,,QA Cash,expense,0.01,USD,866.41
2026-10-06,QA bulk 0723,,QA Cash,expense,0.01,USD,866.42
2026-10-06,QA bulk 0754,,QA Cash,expense,0.01,USD,866.43
2026-10-06,QA bulk 1001,,QA Cash,expense,0.01,USD,866.44
2026-10-06,QA bulk 1095,,QA Cash,expense,0.01,USD,866.45
2026-10-06,QA bulk 0809,,QA Cash,expense,0.01,USD,866.46
2026-10-06,QA bulk 0760,,QA Cash,expense,0.01,USD,866.47
2026-10-06,QA bulk 1061,,QA Cash,expense,0.01,USD,866.48
2026-10-06,QA bulk 0174,,QA Cash,expense,0.01,USD,866.49
2026-10-06,QA bulk 0497,,QA Cash,expense,0.01,USD,866.5
2026-10-06,QA bulk 0877,,QA Cash,expense,0.01,USD,866.51
2026-10-06,QA bulk 0254,,QA Cash,expense,0.01,USD,866.52
2026-10-06,QA bulk 0951,,QA Cash,expense,0.01,USD,866.53
2026-10-06,QA bulk 0104,,QA Cash,expense,0.01,USD,866.54
2026-10-06,QA bulk 1006,,QA Cash,expense,0.01,USD,866.55
2026-10-06,QA bulk 0808,,QA Cash,expense,0.01,USD,866.56
2026-10-06,QA bulk 1053,,QA Cash,expense,0.01,USD,866.57
2026-10-06,QA bulk 0161,,QA Cash,expense,0.01,USD,866.58
2026-10-06,QA bulk 0989,,QA Cash,expense,0.01,USD,866.59
2026-10-06,QA bulk 0853,,QA Cash,expense,0.01,USD,866.6
2026-10-06,QA bulk 0991,,QA Cash,expense,0.01,USD,866.61
2026-10-06,QA bulk 0602,,QA Cash,expense,0.01,USD,866.62
2026-10-06,QA bulk 0885,,QA Cash,expense,0.01,USD,866.63
2026-10-06,QA bulk 1058,,QA Cash,expense,0.01,USD,866.64
2026-10-06,QA bulk 0142,,QA Cash,expense,0.01,USD,866.65
2026-10-06,QA bulk 0423,,QA Cash,expense,0.01,USD,866.66
2026-10-06,QA bulk 0068,,QA Cash,expense,0.01,USD,866.67
2026-10-06,QA bulk 0837,,QA Cash,expense,0.01,USD,866.68
2026-10-06,QA bulk 0818,,QA Cash,expense,0.01,USD,866.69
2026-10-06,QA bulk 0656,,QA Cash,expense,0.01,USD,866.7
2026-10-06,QA bulk 0711,,QA Cash,expense,0.01,USD,866.71
2026-10-06,QA bulk 0680,,QA Cash,expense,0.01,USD,866.72
2026-10-06,QA bulk 0205,,QA Cash,expense,0.01,USD,866.73
2026-10-06,QA bulk 0417,,QA Cash,expense,0.01,USD,866.74
2026-10-06,QA bulk 0044,,QA Cash,expense,0.01,USD,866.75
2026-10-06,QA bulk 0829,,QA Cash,expense,0.01,USD,866.76
2026-10-06,QA bulk 0647,,QA Cash,expense,0.01,USD,866.77
2026-10-06,QA bulk 0135,,QA Cash,expense,0.01,USD,866.78
2026-10-06,QA bulk 0285,,QA Cash,expense,0.01,USD,866.79
2026-10-06,QA bulk 0525,,QA Cash,expense,0.01,USD,866.8
2026-10-06,QA bulk 0126,,QA Cash,expense,0.01,USD,866.81
2026-10-06,QA bulk 0623,,QA Cash,expense,0.01,USD,866.82
2026-10-06,QA bulk 0475,,QA Cash,expense,0.01,USD,866.83
2026-10-06,QA bulk 0115,,QA Cash,expense,0.01,USD,866.84
2026-10-06,QA bulk 0343,,QA Cash,expense,0.01,USD,866.85
2026-10-06,QA bulk 0743,,QA Cash,expense,0.01,USD,866.86
2026-10-06,QA bulk 0340,,QA Cash,expense,0.01,USD,866.87
2026-10-06,QA bulk 0030,,QA Cash,expense,0.01,USD,866.88
2026-10-06,QA bulk 0812,,QA Cash,expense,0.01,USD,866.89
2026-10-06,QA bulk 0134,,QA Cash,expense,0.01,USD,866.9
2026-10-06,QA bulk 0527,,QA Cash,expense,0.01,USD,866.91
2026-10-06,QA bulk 0166,,QA Cash,expense,0.01,USD,866.92
2026-10-06,QA bulk 0350,,QA Cash,expense,0.01,USD,866.93
2026-10-06,QA bulk 0993,,QA Cash,expense,0.01,USD,866.94
2026-10-06,QA bulk 1011,,QA Cash,expense,0.01,USD,866.95
2026-10-06,QA bulk 0667,,QA Cash,expense,0.01,USD,866.96
2026-10-06,QA bulk 0477,,QA Cash,expense,0.01,USD,866.97
2026-10-06,QA bulk 1009,,QA Cash,expense,0.01,USD,866.98
2026-10-06,QA bulk 0553,,QA Cash,expense,0.01,USD,866.99
2026-10-06,QA bulk 0200,,QA Cash,expense,0.01,USD,867
2026-10-06,QA bulk 0793,,QA Cash,expense,0.01,USD,867.01
2026-10-06,QA bulk 0175,,QA Cash,expense,0.01,USD,867.02
2026-10-06,QA bulk 0323,,QA Cash,expense,0.01,USD,867.03
2026-10-06,QA bulk 0695,,QA Cash,expense,0.01,USD,867.04
2026-10-06,QA bulk 0478,,QA Cash,expense,0.01,USD,867.05
2026-10-06,QA bulk 1063,,QA Cash,expense,0.01,USD,867.06
2026-10-06,QA bulk 0278,,QA Cash,expense,0.01,USD,867.07
2026-10-06,QA bulk 1074,,QA Cash,expense,0.01,USD,867.08
2026-10-06,QA bulk 0650,,QA Cash,expense,0.01,USD,867.09
2026-10-06,QA bulk 0089,,QA Cash,expense,0.01,USD,867.1
2026-10-06,QA bulk 0633,,QA Cash,expense,0.01,USD,867.11
2026-10-06,QA bulk 0766,,QA Cash,expense,0.01,USD,867.12
2026-10-06,QA bulk 1041,,QA Cash,expense,0.01,USD,867.13
2026-10-06,QA bulk 0179,,QA Cash,expense,0.01,USD,867.14
2026-10-06,QA bulk 0815,,QA Cash,expense,0.01,USD,867.15
2026-10-06,QA bulk 0927,,QA Cash,expense,0.01,USD,867.16
2026-10-06,QA bulk 0118,,QA Cash,expense,0.01,USD,867.17
2026-10-06,QA bulk 0098,,QA Cash,expense,0.01,USD,867.18
2026-10-06,QA bulk 0515,,QA Cash,expense,0.01,USD,867.19
2026-10-06,QA bulk 1096,,QA Cash,expense,0.01,USD,867.2
2026-10-06,QA bulk 0957,,QA Cash,expense,0.01,USD,867.21
2026-10-06,QA bulk 0036,,QA Cash,expense,0.01,USD,867.22
2026-10-06,QA bulk 0379,,QA Cash,expense,0.01,USD,867.23
2026-10-06,QA bulk 0974,,QA Cash,expense,0.01,USD,867.24
2026-10-06,QA bulk 0658,,QA Cash,expense,0.01,USD,867.25
2026-10-06,QA bulk 0348,,QA Cash,expense,0.01,USD,867.26
2026-10-06,QA bulk 0018,,QA Cash,expense,0.01,USD,867.27
2026-10-06,QA bulk 0024,,QA Cash,expense,0.01,USD,867.28
2026-10-06,QA bulk 0514,,QA Cash,expense,0.01,USD,867.29
2026-10-06,QA bulk 0137,,QA Cash,expense,0.01,USD,867.3
2026-10-06,QA bulk 0035,,QA Cash,expense,0.01,USD,867.31
2026-10-06,QA bulk 0540,,QA Cash,expense,0.01,USD,867.32
2026-10-06,QA bulk 0421,,QA Cash,expense,0.01,USD,867.33
2026-10-06,QA bulk 0241,,QA Cash,expense,0.01,USD,867.34
2026-10-06,QA bulk 0031,,QA Cash,expense,0.01,USD,867.35
2026-10-06,QA bulk 0593,,QA Cash,expense,0.01,USD,867.36
2026-10-06,QA bulk 0466,,QA Cash,expense,0.01,USD,867.37
2026-10-06,QA bulk 0465,,QA Cash,expense,0.01,USD,867.38
2026-10-06,QA bulk 0132,,QA Cash,expense,0.01,USD,867.39
2026-10-06,QA bulk 1049,,QA Cash,expense,0.01,USD,867.4
2026-10-06,QA bulk 0171,,QA Cash,expense,0.01,USD,867.41
2026-10-06,QA bulk 0376,,QA Cash,expense,0.01,USD,867.42
2026-10-06,QA bulk 0888,,QA Cash,expense,0.01,USD,867.43
2026-10-06,QA bulk 0947,,QA Cash,expense,0.01,USD,867.44
2026-10-06,QA bulk 0434,,QA Cash,expense,0.01,USD,867.45
2026-10-06,QA bulk 0308,,QA Cash,expense,0.01,USD,867.46
2026-10-06,QA bulk 0576,,QA Cash,expense,0.01,USD,867.47
2026-10-06,QA bulk 0608,,QA Cash,expense,0.01,USD,867.48
2026-10-06,QA bulk 0976,,QA Cash,expense,0.01,USD,867.49
2026-10-06,QA bulk 0686,,QA Cash,expense,0.01,USD,867.5
2026-10-06,QA bulk 0975,,QA Cash,expense,0.01,USD,867.51
2026-10-06,QA bulk 0972,,QA Cash,expense,0.01,USD,867.52
2026-10-06,QA bulk 0654,,QA Cash,expense,0.01,USD,867.53
2026-10-06,QA bulk 0706,,QA Cash,expense,0.01,USD,867.54
2026-10-06,QA bulk 0959,,QA Cash,expense,0.01,USD,867.55
2026-10-06,QA bulk 0452,,QA Cash,expense,0.01,USD,867.56
2026-10-06,QA bulk 0193,,QA Cash,expense,0.01,USD,867.57
2026-10-06,QA bulk 0014,,QA Cash,expense,0.01,USD,867.58
2026-10-06,QA bulk 0453,,QA Cash,expense,0.01,USD,867.59
2026-10-06,QA bulk 0778,,QA Cash,expense,0.01,USD,867.6
2026-10-06,QA bulk 0367,,QA Cash,expense,0.01,USD,867.61
2026-10-06,QA bulk 0624,,QA Cash,expense,0.01,USD,867.62
2026-10-06,QA bulk 0279,,QA Cash,expense,0.01,USD,867.63
2026-10-06,QA bulk 0491,,QA Cash,expense,0.01,USD,867.64
2026-10-06,QA bulk 0295,,QA Cash,expense,0.01,USD,867.65
2026-10-06,QA bulk 0990,,QA Cash,expense,0.01,USD,867.66
2026-10-06,QA bulk 1104,,QA Cash,expense,0.01,USD,867.67
2026-10-06,QA bulk 0749,,QA Cash,expense,0.01,USD,867.68
2026-10-06,QA bulk 0674,,QA Cash,expense,0.01,USD,867.69
2026-10-06,QA bulk 0626,,QA Cash,expense,0.01,USD,867.7
2026-10-06,QA bulk 1069,,QA Cash,expense,0.01,USD,867.71
2026-10-06,QA bulk 0402,,QA Cash,expense,0.01,USD,867.72
2026-10-06,QA bulk 0952,,QA Cash,expense,0.01,USD,867.73
2026-10-06,QA bulk 0716,,QA Cash,expense,0.01,USD,867.74
2026-10-06,QA bulk 0965,,QA Cash,expense,0.01,USD,867.75
2026-10-06,QA bulk 0233,,QA Cash,expense,0.01,USD,867.76
2026-10-06,QA bulk 0316,,QA Cash,expense,0.01,USD,867.77
2026-10-06,QA bulk 0485,,QA Cash,expense,0.01,USD,867.78
2026-10-06,QA bulk 0645,,QA Cash,expense,0.01,USD,867.79
2026-10-06,QA bulk 0011,,QA Cash,expense,0.01,USD,867.8
2026-10-06,QA bulk 0775,,QA Cash,expense,0.01,USD,867.81
2026-10-06,QA bulk 0841,,QA Cash,expense,0.01,USD,867.82
2026-10-06,QA bulk 0001,,QA Cash,expense,0.01,USD,867.83
2026-10-06,QA bulk 0216,,QA Cash,expense,0.01,USD,867.84
2026-10-06,QA bulk 1008,,QA Cash,expense,0.01,USD,867.85
2026-10-06,QA bulk 0594,,QA Cash,expense,0.01,USD,867.86
2026-10-06,QA bulk 0822,,QA Cash,expense,0.01,USD,867.87
2026-10-06,QA bulk 0661,,QA Cash,expense,0.01,USD,867.88
2026-10-06,QA bulk 0280,,QA Cash,expense,0.01,USD,867.89
2026-10-06,QA bulk 0969,,QA Cash,expense,0.01,USD,867.9
2026-10-06,QA bulk 0910,,QA Cash,expense,0.01,USD,867.91
2026-10-06,QA bulk 1037,,QA Cash,expense,0.01,USD,867.92
2026-10-06,QA bulk 0040,,QA Cash,expense,0.01,USD,867.93
2026-10-06,QA bulk 1054,,QA Cash,expense,0.01,USD,867.94
2026-10-06,QA bulk 0836,,QA Cash,expense,0.01,USD,867.95
2026-10-06,QA bulk 0551,,QA Cash,expense,0.01,USD,867.96
2026-10-06,QA bulk 0303,,QA Cash,expense,0.01,USD,867.97
2026-10-06,QA bulk 0414,,QA Cash,expense,0.01,USD,867.98
2026-10-06,QA bulk 0788,,QA Cash,expense,0.01,USD,867.99
2026-10-06,QA bulk 0160,,QA Cash,expense,0.01,USD,868
2026-10-06,QA bulk 0690,,QA Cash,expense,0.01,USD,868.01
2026-10-06,QA bulk 0528,,QA Cash,expense,0.01,USD,868.02
2026-10-06,QA bulk 0617,,QA Cash,expense,0.01,USD,868.03
2026-10-06,QA bulk 0310,,QA Cash,expense,0.01,USD,868.04
2026-10-06,QA bulk 0531,,QA Cash,expense,0.01,USD,868.05
2026-10-06,QA bulk 0995,,QA Cash,expense,0.01,USD,868.06
2026-10-06,QA bulk 0198,,QA Cash,expense,0.01,USD,868.07
2026-10-06,QA bulk 0756,,QA Cash,expense,0.01,USD,868.08
2026-10-06,QA bulk 0724,,QA Cash,expense,0.01,USD,868.09
2026-10-06,QA bulk 0597,,QA Cash,expense,0.01,USD,868.1
2026-10-06,QA bulk 0632,,QA Cash,expense,0.01,USD,868.11
2026-10-06,QA bulk 0283,,QA Cash,expense,0.01,USD,868.12
2026-10-06,QA bulk 0702,,QA Cash,expense,0.01,USD,868.13
2026-10-06,QA bulk 1084,,QA Cash,expense,0.01,USD,868.14
2026-10-06,QA bulk 0403,,QA Cash,expense,0.01,USD,868.15
2026-10-06,QA bulk 0136,,QA Cash,expense,0.01,USD,868.16
2026-10-06,QA bulk 0281,,QA Cash,expense,0.01,USD,868.17
2026-10-06,QA bulk 0027,,QA Cash,expense,0.01,USD,868.18
2026-10-06,QA bulk 0492,,QA Cash,expense,0.01,USD,868.19
2026-10-06,QA bulk 0299,,QA Cash,expense,0.01,USD,868.2
2026-10-06,QA bulk 0517,,QA Cash,expense,0.01,USD,868.21
2026-10-06,QA bulk 0363,,QA Cash,expense,0.01,USD,868.22
2026-10-06,QA bulk 0274,,QA Cash,expense,0.01,USD,868.23
2026-10-06,QA bulk 0712,,QA Cash,expense,0.01,USD,868.24
2026-10-06,QA bulk 0162,,QA Cash,expense,0.01,USD,868.25
2026-10-06,QA bulk 0243,,QA Cash,expense,0.01,USD,868.26
2026-10-06,QA bulk 0802,,QA Cash,expense,0.01,USD,868.27
2026-10-06,QA bulk 0335,,QA Cash,expense,0.01,USD,868.28
2026-10-06,QA bulk 1082,,QA Cash,expense,0.01,USD,868.29
2026-10-06,QA bulk 0925,,QA Cash,expense,0.01,USD,868.3
2026-10-06,QA bulk 0231,,QA Cash,expense,0.01,USD,868.31
2026-10-06,QA bulk 0064,,QA Cash,expense,0.01,USD,868.32
2026-10-06,QA bulk 0143,,QA Cash,expense,0.01,USD,868.33
2026-10-06,QA bulk 1051,,QA Cash,expense,0.01,USD,868.34
2026-10-06,QA bulk 0782,,QA Cash,expense,0.01,USD,868.35
2026-10-06,QA bulk 0911,,QA Cash,expense,0.01,USD,868.36
2026-10-06,QA bulk 1024,,QA Cash,expense,0.01,USD,868.37
2026-10-06,QA bulk 0797,,QA Cash,expense,0.01,USD,868.38
2026-10-06,QA bulk 0770,,QA Cash,expense,0.01,USD,868.39
2026-10-06,QA bulk 0038,,QA Cash,expense,0.01,USD,868.4
2026-10-06,QA bulk 0120,,QA Cash,expense,0.01,USD,868.41
2026-10-06,QA bulk 0898,,QA Cash,expense,0.01,USD,868.42
2026-10-06,QA bulk 0113,,QA Cash,expense,0.01,USD,868.43
2026-10-06,QA bulk 0798,,QA Cash,expense,0.01,USD,868.44
2026-10-06,QA bulk 0559,,QA Cash,expense,0.01,USD,868.45
2026-10-06,QA bulk 0567,,QA Cash,expense,0.01,USD,868.46
2026-10-06,QA bulk 1028,,QA Cash,expense,0.01,USD,868.47
2026-10-06,QA bulk 1029,,QA Cash,expense,0.01,USD,868.48
2026-10-06,QA bulk 0251,,QA Cash,expense,0.01,USD,868.49
2026-10-06,QA bulk 0258,,QA Cash,expense,0.01,USD,868.5
2026-10-06,QA bulk 0130,,QA Cash,expense,0.01,USD,868.51
2026-10-06,QA bulk 0715,,QA Cash,expense,0.01,USD,868.52
2026-10-06,QA bulk 0461,,QA Cash,expense,0.01,USD,868.53
2026-10-06,QA bulk 0388,,QA Cash,expense,0.01,USD,868.54
2026-10-06,QA bulk 0276,,QA Cash,expense,0.01,USD,868.55
2026-10-06,QA bulk 0713,,QA Cash,expense,0.01,USD,868.56
2026-10-06,QA bulk 0220,,QA Cash,expense,0.01,USD,868.57
2026-10-06,QA bulk 0235,,QA Cash,expense,0.01,USD,868.58
2026-10-06,QA bulk 0785,,QA Cash,expense,0.01,USD,868.59
2026-10-06,QA bulk 1076,,QA Cash,expense,0.01,USD,868.6
2026-10-06,QA bulk 1038,,QA Cash,expense,0.01,USD,868.61
2026-10-06,QA bulk 0820,,QA Cash,expense,0.01,USD,868.62
2026-10-06,QA bulk 0740,,QA Cash,expense,0.01,USD,868.63
2026-10-06,QA bulk 1003,,QA Cash,expense,0.01,USD,868.64
2026-10-06,QA bulk 1005,,QA Cash,expense,0.01,USD,868.65
2026-10-06,QA bulk 0405,,QA Cash,expense,0.01,USD,868.66
2026-10-06,QA bulk 0506,,QA Cash,expense,0.01,USD,868.67
2026-10-06,QA bulk 0955,,QA Cash,expense,0.01,USD,868.68
2026-10-06,QA bulk 0004,,QA Cash,expense,0.01,USD,868.69
2026-10-06,QA bulk 0575,,QA Cash,expense,0.01,USD,868.7
2026-10-06,QA bulk 0729,,QA Cash,expense,0.01,USD,868.71
2026-10-06,QA bulk 0665,,QA Cash,expense,0.01,USD,868.72
2026-10-06,QA bulk 0546,,QA Cash,expense,0.01,USD,868.73
2026-10-06,QA bulk 0293,,QA Cash,expense,0.01,USD,868.74
2026-10-06,QA bulk 0919,,QA Cash,expense,0.01,USD,868.75
2026-10-06,QA bulk 0229,,QA Cash,expense,0.01,USD,868.76
2026-10-06,QA bulk 0019,,QA Cash,expense,0.01,USD,868.77
2026-10-06,QA bulk 0330,,QA Cash,expense,0.01,USD,868.78
2026-10-06,QA bulk 0881,,QA Cash,expense,0.01,USD,868.79
2026-10-06,QA bulk 0458,,QA Cash,expense,0.01,USD,868.8
2026-10-06,QA bulk 0266,,QA Cash,expense,0.01,USD,868.81
2026-10-06,QA bulk 0780,,QA Cash,expense,0.01,USD,868.82
2026-10-06,QA bulk 0571,,QA Cash,expense,0.01,USD,868.83
2026-10-06,QA bulk 0190,,QA Cash,expense,0.01,USD,868.84
2026-10-06,QA bulk 0954,,QA Cash,expense,0.01,USD,868.85
2026-10-06,QA bulk 0872,,QA Cash,expense,0.01,USD,868.86
2026-10-06,QA bulk 0192,,QA Cash,expense,0.01,USD,868.87
2026-10-06,QA bulk 1057,,QA Cash,expense,0.01,USD,868.88
2026-10-06,QA bulk 0948,,QA Cash,expense,0.01,USD,868.89
2026-10-06,QA bulk 0843,,QA Cash,expense,0.01,USD,868.9
2026-10-06,QA bulk 0351,,QA Cash,expense,0.01,USD,868.91
2026-10-06,QA bulk 0244,,QA Cash,expense,0.01,USD,868.92
2026-10-06,QA bulk 0973,,QA Cash,expense,0.01,USD,868.93
2026-10-06,QA bulk 0116,,QA Cash,expense,0.01,USD,868.94
2026-10-06,QA bulk 1093,,QA Cash,expense,0.01,USD,868.95
2026-10-06,QA bulk 0739,,QA Cash,expense,0.01,USD,868.96
2026-10-06,QA bulk 0389,,QA Cash,expense,0.01,USD,868.97
2026-10-06,QA bulk 0426,,QA Cash,expense,0.01,USD,868.98
2026-10-06,QA bulk 0745,,QA Cash,expense,0.01,USD,868.99
2026-10-06,QA bulk 0524,,QA Cash,expense,0.01,USD,869
2026-10-06,QA bulk 0717,,QA Cash,expense,0.01,USD,869.01
2026-10-06,QA bulk 0944,,QA Cash,expense,0.01,USD,869.02
2026-10-06,QA bulk 0277,,QA Cash,expense,0.01,USD,869.03
2026-10-06,QA bulk 0863,,QA Cash,expense,0.01,USD,869.04
2026-10-06,QA bulk 0999,,QA Cash,expense,0.01,USD,869.05
2026-10-06,QA bulk 0282,,QA Cash,expense,0.01,USD,869.06
2026-10-06,QA bulk 0066,,QA Cash,expense,0.01,USD,869.07
2026-10-06,QA bulk 0271,,QA Cash,expense,0.01,USD,869.08
2026-10-06,QA bulk 0681,,QA Cash,expense,0.01,USD,869.09
2026-10-06,QA bulk 0222,,QA Cash,expense,0.01,USD,869.1
2026-10-06,QA bulk 1094,,QA Cash,expense,0.01,USD,869.11
2026-10-06,QA bulk 0463,,QA Cash,expense,0.01,USD,869.12
2026-10-06,QA bulk 0917,,QA Cash,expense,0.01,USD,869.13
2026-10-06,QA bulk 0591,,QA Cash,expense,0.01,USD,869.14
2026-10-06,QA bulk 0728,,QA Cash,expense,0.01,USD,869.15
2026-10-06,QA bulk 1070,,QA Cash,expense,0.01,USD,869.16
2026-10-06,QA bulk 0422,,QA Cash,expense,0.01,USD,869.17
2026-10-06,QA bulk 0026,,QA Cash,expense,0.01,USD,869.18
2026-10-06,QA bulk 0767,,QA Cash,expense,0.01,USD,869.19
2026-10-06,QA bulk 0599,,QA Cash,expense,0.01,USD,869.2
2026-10-06,QA bulk 0472,,QA Cash,expense,0.01,USD,869.21
2026-10-06,QA bulk 0291,,QA Cash,expense,0.01,USD,869.22
2026-10-06,QA bulk 0574,,QA Cash,expense,0.01,USD,869.23
2026-10-06,QA bulk 0926,,QA Cash,expense,0.01,USD,869.24
2026-10-06,QA bulk 0866,,QA Cash,expense,0.01,USD,869.25
2026-10-06,QA bulk 0685,,QA Cash,expense,0.01,USD,869.26
2026-10-06,QA bulk 0801,,QA Cash,expense,0.01,USD,869.27
2026-10-06,QA bulk 0582,,QA Cash,expense,0.01,USD,869.28
2026-10-06,QA bulk 0932,,QA Cash,expense,0.01,USD,869.29
2026-10-06,QA bulk 0471,,QA Cash,expense,0.01,USD,869.3
2026-10-06,QA bulk 1044,,QA Cash,expense,0.01,USD,869.31
2026-10-06,QA bulk 0300,,QA Cash,expense,0.01,USD,869.32
2026-10-06,QA bulk 1055,,QA Cash,expense,0.01,USD,869.33
2026-10-06,QA bulk 0377,,QA Cash,expense,0.01,USD,869.34
2026-10-06,QA bulk 0580,,QA Cash,expense,0.01,USD,869.35
2026-10-06,QA bulk 0844,,QA Cash,expense,0.01,USD,869.36
2026-10-06,QA bulk 0693,,QA Cash,expense,0.01,USD,869.37
2026-10-06,QA bulk 0443,,QA Cash,expense,0.01,USD,869.38
2026-10-06,QA bulk 0839,,QA Cash,expense,0.01,USD,869.39
2026-10-06,QA bulk 0046,,QA Cash,expense,0.01,USD,869.4
2026-10-06,QA bulk 0039,,QA Cash,expense,0.01,USD,869.41
2026-10-06,QA bulk 0213,,QA Cash,expense,0.01,USD,869.42
2026-10-06,QA bulk 1045,,QA Cash,expense,0.01,USD,869.43
2026-10-06,QA bulk 1081,,QA Cash,expense,0.01,USD,869.44
2026-10-06,QA bulk 0021,,QA Cash,expense,0.01,USD,869.45
2026-10-06,QA bulk 0075,,QA Cash,expense,0.01,USD,869.46
2026-10-06,QA bulk 0631,,QA Cash,expense,0.01,USD,869.47
2026-10-06,QA bulk 0157,,QA Cash,expense,0.01,USD,869.48
2026-10-06,QA bulk 0101,,QA Cash,expense,0.01,USD,869.49
2026-10-06,QA bulk 0092,,QA Cash,expense,0.01,USD,869.5
2026-10-06,QA bulk 0741,,QA Cash,expense,0.01,USD,869.51
2026-10-06,QA bulk 0008,,QA Cash,expense,0.01,USD,869.52
2026-10-06,QA bulk 0761,,QA Cash,expense,0.01,USD,869.53
2026-10-06,QA bulk 0892,,QA Cash,expense,0.01,USD,869.54
2026-10-06,QA bulk 0655,,QA Cash,expense,0.01,USD,869.55
2026-10-06,QA bulk 0462,,QA Cash,expense,0.01,USD,869.56
2026-10-06,QA bulk 0521,,QA Cash,expense,0.01,USD,869.57
2026-10-06,QA bulk 0835,,QA Cash,expense,0.01,USD,869.58
2026-10-06,QA bulk 0873,,QA Cash,expense,0.01,USD,869.59
2026-10-06,QA bulk 0209,,QA Cash,expense,0.01,USD,869.6
2026-10-06,QA bulk 0934,,QA Cash,expense,0.01,USD,869.61
2026-10-06,QA bulk 1023,,QA Cash,expense,0.01,USD,869.62
2026-10-06,QA bulk 0057,,QA Cash,expense,0.01,USD,869.63
2026-10-06,QA bulk 0437,,QA Cash,expense,0.01,USD,869.64
2026-10-06,QA bulk 0122,,QA Cash,expense,0.01,USD,869.65
2026-10-06,QA bulk 0029,,QA Cash,expense,0.01,USD,869.66
2026-10-06,QA bulk 0703,,QA Cash,expense,0.01,USD,869.67
2026-10-06,QA bulk 0061,,QA Cash,expense,0.01,USD,869.68
2026-10-06,QA bulk 1000,,QA Cash,expense,0.01,USD,869.69
2026-10-06,QA bulk 0886,,QA Cash,expense,0.01,USD,869.7
2026-10-06,QA bulk 0207,,QA Cash,expense,0.01,USD,869.71
2026-10-06,QA bulk 0411,,QA Cash,expense,0.01,USD,869.72
2026-10-06,QA bulk 0474,,QA Cash,expense,0.01,USD,869.73
2026-10-06,QA bulk 0891,,QA Cash,expense,0.01,USD,869.74
2026-10-06,QA bulk 0270,,QA Cash,expense,0.01,USD,869.75
2026-10-06,QA bulk 0904,,QA Cash,expense,0.01,USD,869.76
2026-10-06,QA bulk 1100,,QA Cash,expense,0.01,USD,869.77
2026-10-06,QA bulk 0758,,QA Cash,expense,0.01,USD,869.78
2026-10-06,QA bulk 0484,,QA Cash,expense,0.01,USD,869.79
2026-10-06,QA bulk 0385,,QA Cash,expense,0.01,USD,869.8
2026-10-06,QA bulk 0121,,QA Cash,expense,0.01,USD,869.81
2026-10-06,QA bulk 0671,,QA Cash,expense,0.01,USD,869.82
2026-10-06,QA bulk 0392,,QA Cash,expense,0.01,USD,869.83
2026-10-06,QA bulk 0167,,QA Cash,expense,0.01,USD,869.84
2026-10-06,QA bulk 0933,,QA Cash,expense,0.01,USD,869.85
2026-10-06,QA bulk 0331,,QA Cash,expense,0.01,USD,869.86
2026-10-06,QA bulk 1013,,QA Cash,expense,0.01,USD,869.87
2026-10-06,QA bulk 0028,,QA Cash,expense,0.01,USD,869.88
2026-10-06,QA bulk 0427,,QA Cash,expense,0.01,USD,869.89
2026-10-06,QA bulk 0821,,QA Cash,expense,0.01,USD,869.9
2026-10-06,QA bulk 0425,,QA Cash,expense,0.01,USD,869.91
2026-10-06,QA bulk 0679,,QA Cash,expense,0.01,USD,869.92
2026-10-06,QA bulk 0076,,QA Cash,expense,0.01,USD,869.93
2026-10-06,QA bulk 0164,,QA Cash,expense,0.01,USD,869.94
2026-10-06,QA bulk 0133,,QA Cash,expense,0.01,USD,869.95
2026-10-06,QA bulk 0607,,QA Cash,expense,0.01,USD,869.96
2026-10-06,QA bulk 0269,,QA Cash,expense,0.01,USD,869.97
2026-10-06,QA bulk 0033,,QA Cash,expense,0.01,USD,869.98
2026-10-06,QA bulk 0742,,QA Cash,expense,0.01,USD,869.99
2026-10-06,QA bulk 0621,,QA Cash,expense,0.01,USD,870
2026-10-06,QA bulk 0526,,QA Cash,expense,0.01,USD,870.01
2026-10-06,QA bulk 0643,,QA Cash,expense,0.01,USD,870.02
2026-10-06,QA bulk 0327,,QA Cash,expense,0.01,USD,870.03
2026-10-06,QA bulk 0347,,QA Cash,expense,0.01,USD,870.04
2026-10-06,QA bulk 0734,,QA Cash,expense,0.01,USD,870.05
2026-10-06,QA bulk 0570,,QA Cash,expense,0.01,USD,870.06
2026-10-06,QA bulk 0900,,QA Cash,expense,0.01,USD,870.07
2026-10-06,QA bulk 0267,,QA Cash,expense,0.01,USD,870.08
2026-10-06,QA bulk 0705,,QA Cash,expense,0.01,USD,870.09
2026-10-06,QA bulk 0360,,QA Cash,expense,0.01,USD,870.1
2026-10-06,QA bulk 0094,,QA Cash,expense,0.01,USD,870.11
2026-10-06,QA bulk 0012,,QA Cash,expense,0.01,USD,870.12
2026-10-06,QA bulk 1016,,QA Cash,expense,0.01,USD,870.13
2026-10-06,QA bulk 0501,,QA Cash,expense,0.01,USD,870.14
2026-10-06,QA bulk 0470,,QA Cash,expense,0.01,USD,870.15
2026-10-06,QA bulk 0449,,QA Cash,expense,0.01,USD,870.16
2026-10-06,QA bulk 0249,,QA Cash,expense,0.01,USD,870.17
2026-10-06,QA bulk 0649,,QA Cash,expense,0.01,USD,870.18
2026-10-06,QA bulk 0983,,QA Cash,expense,0.01,USD,870.19
2026-10-06,QA bulk 0543,,QA Cash,expense,0.01,USD,870.2
2026-10-06,QA bulk 0409,,QA Cash,expense,0.01,USD,870.21
2026-10-06,QA bulk 0481,,QA Cash,expense,0.01,USD,870.22
2026-10-06,QA bulk 0184,,QA Cash,expense,0.01,USD,870.23
2026-10-06,QA bulk 0710,,QA Cash,expense,0.01,USD,870.24
2026-10-06,QA bulk 0556,,QA Cash,expense,0.01,USD,870.25
2026-10-06,QA bulk 0496,,QA Cash,expense,0.01,USD,870.26
2026-10-06,QA bulk 0757,,QA Cash,expense,0.01,USD,870.27
2026-10-06,QA bulk 0523,,QA Cash,expense,0.01,USD,870.28
2026-10-06,QA bulk 0055,,QA Cash,expense,0.01,USD,870.29
2026-10-06,QA bulk 0613,,QA Cash,expense,0.01,USD,870.3
2026-10-06,QA bulk 0236,,QA Cash,expense,0.01,USD,870.31
2026-10-06,QA bulk 1080,,QA Cash,expense,0.01,USD,870.32
2026-10-06,QA bulk 0230,,QA Cash,expense,0.01,USD,870.33
2026-10-06,QA bulk 0155,,QA Cash,expense,0.01,USD,870.34
2026-10-06,QA bulk 0499,,QA Cash,expense,0.01,USD,870.35
2026-10-06,QA bulk 0085,,QA Cash,expense,0.01,USD,870.36
2026-10-06,QA bulk 0338,,QA Cash,expense,0.01,USD,870.37
2026-10-06,QA bulk 1066,,QA Cash,expense,0.01,USD,870.38
2026-10-06,QA bulk 0373,,QA Cash,expense,0.01,USD,870.39
2026-10-06,QA bulk 0153,,QA Cash,expense,0.01,USD,870.4
2026-10-06,QA bulk 0988,,QA Cash,expense,0.01,USD,870.41
2026-10-06,QA bulk 0246,,QA Cash,expense,0.01,USD,870.42
2026-10-06,QA bulk 0856,,QA Cash,expense,0.01,USD,870.43
2026-10-06,QA bulk 0358,,QA Cash,expense,0.01,USD,870.44
2026-10-06,QA bulk 1101,,QA Cash,expense,0.01,USD,870.45
2026-10-06,QA bulk 0148,,QA Cash,expense,0.01,USD,870.46
2026-10-06,QA bulk 0464,,QA Cash,expense,0.01,USD,870.47
2026-10-06,QA bulk 0240,,QA Cash,expense,0.01,USD,870.48
2026-10-06,QA bulk 0445,,QA Cash,expense,0.01,USD,870.49
2026-10-06,QA bulk 1025,,QA Cash,expense,0.01,USD,870.5
2026-10-06,QA bulk 0907,,QA Cash,expense,0.01,USD,870.51
2026-10-06,QA bulk 0826,,QA Cash,expense,0.01,USD,870.52
2026-10-06,QA bulk 0635,,QA Cash,expense,0.01,USD,870.53
2026-10-06,QA bulk 0438,,QA Cash,expense,0.01,USD,870.54
2026-10-06,QA bulk 0406,,QA Cash,expense,0.01,USD,870.55
2026-10-06,QA bulk 0827,,QA Cash,expense,0.01,USD,870.56
2026-10-06,QA bulk 0183,,QA Cash,expense,0.01,USD,870.57
2026-10-06,QA bulk 0195,,QA Cash,expense,0.01,USD,870.58
2026-10-06,QA bulk 0663,,QA Cash,expense,0.01,USD,870.59
2026-10-06,QA bulk 0180,,QA Cash,expense,0.01,USD,870.6
2026-10-06,QA bulk 0412,,QA Cash,expense,0.01,USD,870.61
2026-10-06,QA bulk 0577,,QA Cash,expense,0.01,USD,870.62
2026-10-06,QA bulk 0768,,QA Cash,expense,0.01,USD,870.63
2026-10-06,QA bulk 0431,,QA Cash,expense,0.01,USD,870.64
2026-10-06,QA bulk 0639,,QA Cash,expense,0.01,USD,870.65
2026-10-06,QA bulk 0058,,QA Cash,expense,0.01,USD,870.66
2026-10-06,QA bulk 0890,,QA Cash,expense,0.01,USD,870.67
2026-10-06,QA bulk 0418,,QA Cash,expense,0.01,USD,870.68
2026-10-06,QA bulk 1047,,QA Cash,expense,0.01,USD,870.69
2026-10-06,QA bulk 0262,,QA Cash,expense,0.01,USD,870.7
2026-10-06,QA bulk 0830,,QA Cash,expense,0.01,USD,870.71
2026-10-06,QA bulk 0272,,QA Cash,expense,0.01,USD,870.72
2026-10-06,QA bulk 0131,,QA Cash,expense,0.01,USD,870.73
2026-10-06,QA bulk 0913,,QA Cash,expense,0.01,USD,870.74
2026-10-06,QA bulk 0779,,QA Cash,expense,0.01,USD,870.75
2026-10-06,QA bulk 0852,,QA Cash,expense,0.01,USD,870.76
2026-10-06,QA bulk 0224,,QA Cash,expense,0.01,USD,870.77
2026-10-06,QA bulk 0480,,QA Cash,expense,0.01,USD,870.78
2026-10-06,QA bulk 0733,,QA Cash,expense,0.01,USD,870.79
2026-10-06,QA bulk 0813,,QA Cash,expense,0.01,USD,870.8
2026-10-06,QA bulk 0476,,QA Cash,expense,0.01,USD,870.81
2026-10-06,QA bulk 0260,,QA Cash,expense,0.01,USD,870.82
2026-10-06,QA bulk 1017,,QA Cash,expense,0.01,USD,870.83
2026-10-06,QA bulk 0284,,QA Cash,expense,0.01,USD,870.84
2026-10-06,QA bulk 0611,,QA Cash,expense,0.01,USD,870.85
2026-10-06,QA bulk 0298,,QA Cash,expense,0.01,USD,870.86
2026-10-06,QA bulk 1036,,QA Cash,expense,0.01,USD,870.87
2026-10-06,QA bulk 0698,,QA Cash,expense,0.01,USD,870.88
2026-10-06,QA bulk 0217,,QA Cash,expense,0.01,USD,870.89
2026-10-06,QA bulk 0967,,QA Cash,expense,0.01,USD,870.9
2026-10-06,QA bulk 1083,,QA Cash,expense,0.01,USD,870.91
2026-10-06,QA bulk 0286,,QA Cash,expense,0.01,USD,870.92
2026-10-06,QA bulk 0862,,QA Cash,expense,0.01,USD,870.93
2026-10-06,QA bulk 0966,,QA Cash,expense,0.01,USD,870.94
2026-10-06,QA bulk 0108,,QA Cash,expense,0.01,USD,870.95
2026-10-06,QA bulk 0063,,QA Cash,expense,0.01,USD,870.96
2026-10-06,QA bulk 1085,,QA Cash,expense,0.01,USD,870.97
2026-10-06,QA bulk 0918,,QA Cash,expense,0.01,USD,870.98
2026-10-06,QA bulk 0940,,QA Cash,expense,0.01,USD,870.99
2026-10-06,QA bulk 1065,,QA Cash,expense,0.01,USD,871
2026-10-06,QA bulk 0210,,QA Cash,expense,0.01,USD,871.01
2026-10-06,QA bulk 0662,,QA Cash,expense,0.01,USD,871.02
2026-10-06,QA bulk 0895,,QA Cash,expense,0.01,USD,871.03
2026-10-06,QA bulk 0600,,QA Cash,expense,0.01,USD,871.04
2026-10-06,QA bulk 0181,,QA Cash,expense,0.01,USD,871.05
2026-10-06,QA bulk 0505,,QA Cash,expense,0.01,USD,871.06
2026-10-06,QA bulk 0257,,QA Cash,expense,0.01,USD,871.07
2026-10-06,QA bulk 0851,,QA Cash,expense,0.01,USD,871.08
2026-10-06,QA bulk 0709,,QA Cash,expense,0.01,USD,871.09
2026-10-06,QA bulk 0381,,QA Cash,expense,0.01,USD,871.1
2026-10-06,QA bulk 0226,,QA Cash,expense,0.01,USD,871.11
2026-10-06,QA bulk 0252,,QA Cash,expense,0.01,USD,871.12
2026-10-06,QA bulk 0943,,QA Cash,expense,0.01,USD,871.13
2026-10-06,QA bulk 0923,,QA Cash,expense,0.01,USD,871.14
2026-10-06,QA bulk 0034,,QA Cash,expense,0.01,USD,871.15
2026-10-06,QA bulk 0357,,QA Cash,expense,0.01,USD,871.16
2026-10-06,QA bulk 0833,,QA Cash,expense,0.01,USD,871.17
2026-10-06,QA bulk 0124,,QA Cash,expense,0.01,USD,871.18
2026-10-06,QA bulk 0455,,QA Cash,expense,0.01,USD,871.19
2026-10-06,QA bulk 0070,,QA Cash,expense,0.01,USD,871.2
2026-10-06,QA bulk 1092,,QA Cash,expense,0.01,USD,871.21
2026-10-06,QA bulk 0945,,QA Cash,expense,0.01,USD,871.22
2026-10-06,QA bulk 0630,,QA Cash,expense,0.01,USD,871.23
2026-10-06,QA bulk 0022,,QA Cash,expense,0.01,USD,871.24
2026-10-06,QA bulk 0242,,QA Cash,expense,0.01,USD,871.25
2026-10-06,QA bulk 0838,,QA Cash,expense,0.01,USD,871.26
2026-10-06,QA bulk 0687,,QA Cash,expense,0.01,USD,871.27
2026-10-06,QA bulk 0889,,QA Cash,expense,0.01,USD,871.28
2026-10-06,QA bulk 0806,,QA Cash,expense,0.01,USD,871.29
2026-10-06,QA bulk 0736,,QA Cash,expense,0.01,USD,871.3
2026-10-06,QA bulk 0678,,QA Cash,expense,0.01,USD,871.31
2026-10-06,QA bulk 0628,,QA Cash,expense,0.01,USD,871.32
2026-10-06,QA bulk 0604,,QA Cash,expense,0.01,USD,871.33
2026-10-06,QA bulk 0819,,QA Cash,expense,0.01,USD,871.34
2026-10-06,QA bulk 0100,,QA Cash,expense,0.01,USD,871.35
2026-10-06,QA bulk 0896,,QA Cash,expense,0.01,USD,871.36
2026-10-06,QA bulk 0102,,QA Cash,expense,0.01,USD,871.37
2026-10-06,QA bulk 0439,,QA Cash,expense,0.01,USD,871.38
2026-10-06,QA bulk 1033,,QA Cash,expense,0.01,USD,871.39
2026-10-06,QA bulk 0641,,QA Cash,expense,0.01,USD,871.4
2026-10-06,QA bulk 0346,,QA Cash,expense,0.01,USD,871.41
2026-10-06,QA bulk 0314,,QA Cash,expense,0.01,USD,871.42
2026-10-06,QA bulk 0080,,QA Cash,expense,0.01,USD,871.43
2026-10-06,QA bulk 0079,,QA Cash,expense,0.01,USD,871.44
2026-10-06,QA bulk 0875,,QA Cash,expense,0.01,USD,871.45
2026-10-06,QA bulk 0606,,QA Cash,expense,0.01,USD,871.46
2026-10-06,QA bulk 1078,,QA Cash,expense,0.01,USD,871.47
2026-10-06,QA bulk 0333,,QA Cash,expense,0.01,USD,871.48
2026-10-06,QA bulk 0498,,QA Cash,expense,0.01,USD,871.49
2026-10-06,QA bulk 0045,,QA Cash,expense,0.01,USD,871.5
2026-10-06,QA bulk 0997,,QA Cash,expense,0.01,USD,871.51
2026-10-06,QA bulk 1010,,QA Cash,expense,0.01,USD,871.52
2026-10-06,QA bulk 0288,,QA Cash,expense,0.01,USD,871.53
2026-10-06,QA bulk 0845,,QA Cash,expense,0.01,USD,871.54
2026-10-06,QA bulk 0563,,QA Cash,expense,0.01,USD,871.55
2026-10-06,QA bulk 0326,,QA Cash,expense,0.01,USD,871.56
2026-10-06,QA bulk 0504,,QA Cash,expense,0.01,USD,871.57
2026-10-06,QA bulk 0146,,QA Cash,expense,0.01,USD,871.58
2026-10-06,QA bulk 1087,,QA Cash,expense,0.01,USD,871.59
2026-10-06,QA bulk 0083,,QA Cash,expense,0.01,USD,871.6
2026-10-06,QA bulk 0977,,QA Cash,expense,0.01,USD,871.61
2026-10-06,QA bulk 0432,,QA Cash,expense,0.01,USD,871.62
2026-10-06,QA bulk 0382,,QA Cash,expense,0.01,USD,871.63
2026-10-06,QA bulk 0682,,QA Cash,expense,0.01,USD,871.64
2026-10-06,QA bulk 0428,,QA Cash,expense,0.01,USD,871.65
2026-10-06,QA bulk 0069,,QA Cash,expense,0.01,USD,871.66
2026-10-06,QA bulk 0588,,QA Cash,expense,0.01,USD,871.67
2026-10-06,QA bulk 0882,,QA Cash,expense,0.01,USD,871.68
2026-10-06,QA bulk 0627,,QA Cash,expense,0.01,USD,871.69
2026-10-06,QA bulk 0958,,QA Cash,expense,0.01,USD,871.7
2026-10-06,QA bulk 0159,,QA Cash,expense,0.01,USD,871.71
2026-10-06,QA bulk 0722,,QA Cash,expense,0.01,USD,871.72
2026-10-06,QA bulk 0849,,QA Cash,expense,0.01,USD,871.73
2026-10-06,QA bulk 0906,,QA Cash,expense,0.01,USD,871.74
2026-10-06,QA bulk 0156,,QA Cash,expense,0.01,USD,871.75
2026-10-06,QA bulk 0032,,QA Cash,expense,0.01,USD,871.76
2026-10-06,QA bulk 0071,,QA Cash,expense,0.01,USD,871.77
2026-10-06,QA bulk 0248,,QA Cash,expense,0.01,USD,871.78
2026-10-06,QA bulk 0858,,QA Cash,expense,0.01,USD,871.79
2026-10-06,QA bulk 1007,,QA Cash,expense,0.01,USD,871.8
2026-10-06,QA bulk 0147,,QA Cash,expense,0.01,USD,871.81
2026-10-06,QA bulk 0648,,QA Cash,expense,0.01,USD,871.82
2026-10-06,QA bulk 0764,,QA Cash,expense,0.01,USD,871.83
2026-10-06,QA bulk 0393,,QA Cash,expense,0.01,USD,871.84
2026-10-06,QA bulk 0296,,QA Cash,expense,0.01,USD,871.85
2026-10-06,QA bulk 0435,,QA Cash,expense,0.01,USD,871.86
2026-10-06,QA bulk 0879,,QA Cash,expense,0.01,USD,871.87
2026-10-06,QA bulk 0325,,QA Cash,expense,0.01,USD,871.88
2026-10-06,QA bulk 0864,,QA Cash,expense,0.01,USD,871.89
2026-10-06,QA bulk 0125,,QA Cash,expense,0.01,USD,871.9
2026-10-06,QA bulk 0560,,QA Cash,expense,0.01,USD,871.91
2026-10-06,QA bulk 0542,,QA Cash,expense,0.01,USD,871.92
2026-10-06,QA bulk 0511,,QA Cash,expense,0.01,USD,871.93
2026-10-06,QA bulk 0099,,QA Cash,expense,0.01,USD,871.94
2026-10-06,QA bulk 0893,,QA Cash,expense,0.01,USD,871.95
2026-10-06,QA bulk 0250,,QA Cash,expense,0.01,USD,871.96
2026-10-06,QA bulk 0592,,QA Cash,expense,0.01,USD,871.97
2026-10-06,QA bulk 0771,,QA Cash,expense,0.01,USD,871.98
2026-10-06,QA bulk 0090,,QA Cash,expense,0.01,USD,871.99
2026-10-06,QA bulk 0644,,QA Cash,expense,0.01,USD,872
2026-10-06,QA bulk 0676,,QA Cash,expense,0.01,USD,872.01
2026-10-06,QA bulk 0870,,QA Cash,expense,0.01,USD,872.02
2026-10-06,QA bulk 0349,,QA Cash,expense,0.01,USD,872.03
2026-10-06,QA bulk 0595,,QA Cash,expense,0.01,USD,872.04
2026-10-06,QA bulk 1098,,QA Cash,expense,0.01,USD,872.05
2026-10-06,QA bulk 0078,,QA Cash,expense,0.01,USD,872.06
2026-10-06,QA bulk 1039,,QA Cash,expense,0.01,USD,872.07
2026-10-06,QA bulk 0669,,QA Cash,expense,0.01,USD,872.08
2026-10-06,QA bulk 0268,,QA Cash,expense,0.01,USD,872.09
2026-10-06,QA bulk 0605,,QA Cash,expense,0.01,USD,872.1
2026-10-06,QA bulk 0847,,QA Cash,expense,0.01,USD,872.11
2026-10-06,QA bulk 0548,,QA Cash,expense,0.01,USD,872.12
2026-10-06,QA bulk 0510,,QA Cash,expense,0.01,USD,872.13
2026-10-06,QA bulk 0042,,QA Cash,expense,0.01,USD,872.14
2026-10-06,QA bulk 0787,,QA Cash,expense,0.01,USD,872.15
2026-10-06,QA bulk 0544,,QA Cash,expense,0.01,USD,872.16
2026-10-06,QA bulk 0620,,QA Cash,expense,0.01,USD,872.17
2026-10-06,QA bulk 0887,,QA Cash,expense,0.01,USD,872.18
2026-10-06,QA bulk 1027,,QA Cash,expense,0.01,USD,872.19
2026-10-06,QA bulk 0795,,QA Cash,expense,0.01,USD,872.2
2026-10-06,QA bulk 0375,,QA Cash,expense,0.01,USD,872.21
2026-10-06,QA bulk 0390,,QA Cash,expense,0.01,USD,872.22
2026-10-06,QA bulk 0490,,QA Cash,expense,0.01,USD,872.23
2026-10-06,QA bulk 0894,,QA Cash,expense,0.01,USD,872.24
2026-10-06,QA bulk 0828,,QA Cash,expense,0.01,USD,872.25
2026-10-06,QA bulk 1072,,QA Cash,expense,0.01,USD,872.26
2026-10-06,QA bulk 0170,,QA Cash,expense,0.01,USD,872.27
2026-10-06,QA bulk 0234,,QA Cash,expense,0.01,USD,872.28
2026-10-06,QA bulk 0489,,QA Cash,expense,0.01,USD,872.29
2026-10-06,QA bulk 0400,,QA Cash,expense,0.01,USD,872.3
2026-10-06,QA bulk 1090,,QA Cash,expense,0.01,USD,872.31
2026-10-06,QA bulk 0091,,QA Cash,expense,0.01,USD,872.32
2026-10-06,QA bulk 0876,,QA Cash,expense,0.01,USD,872.33
2026-10-06,QA bulk 0834,,QA Cash,expense,0.01,USD,872.34
2026-10-06,QA bulk 0512,,QA Cash,expense,0.01,USD,872.35
2026-10-06,QA bulk 0772,,QA Cash,expense,0.01,USD,872.36
2026-10-06,QA bulk 0082,,QA Cash,expense,0.01,USD,872.37
2026-10-06,QA bulk 0791,,QA Cash,expense,0.01,USD,872.38
2026-10-06,QA bulk 0738,,QA Cash,expense,0.01,USD,872.39
2026-10-06,QA bulk 0762,,QA Cash,expense,0.01,USD,872.4
2026-10-06,QA bulk 0619,,QA Cash,expense,0.01,USD,872.41
2026-10-06,QA bulk 0151,,QA Cash,expense,0.01,USD,872.42
2026-10-06,QA bulk 0800,,QA Cash,expense,0.01,USD,872.43
2026-10-06,QA bulk 0603,,QA Cash,expense,0.01,USD,872.44
2026-10-06,QA bulk 0482,,QA Cash,expense,0.01,USD,872.45
2026-10-06,QA bulk 0416,,QA Cash,expense,0.01,USD,872.46
2026-10-06,QA bulk 0513,,QA Cash,expense,0.01,USD,872.47
2026-10-06,QA bulk 0982,,QA Cash,expense,0.01,USD,872.48
2026-10-06,QA bulk 0823,,QA Cash,expense,0.01,USD,872.49
2026-10-06,QA bulk 0618,,QA Cash,expense,0.01,USD,872.5
2026-10-06,QA bulk 0949,,QA Cash,expense,0.01,USD,872.51
2026-10-06,QA bulk 0469,,QA Cash,expense,0.01,USD,872.52
2026-10-06,QA bulk 0345,,QA Cash,expense,0.01,USD,872.53
2026-10-06,QA bulk 0578,,QA Cash,expense,0.01,USD,872.54
2026-10-06,QA bulk 0112,,QA Cash,expense,0.01,USD,872.55
2026-10-06,QA bulk 1073,,QA Cash,expense,0.01,USD,872.56
2026-10-06,QA bulk 0123,,QA Cash,expense,0.01,USD,872.57
2026-10-06,QA bulk 0596,,QA Cash,expense,0.01,USD,872.58
2026-10-06,QA bulk 0355,,QA Cash,expense,0.01,USD,872.59
2026-10-06,QA bulk 0488,,QA Cash,expense,0.01,USD,872.6
2026-10-06,QA bulk 0565,,QA Cash,expense,0.01,USD,872.61
2026-10-06,QA bulk 0129,,QA Cash,expense,0.01,USD,872.62
2026-10-06,QA bulk 0158,,QA Cash,expense,0.01,USD,872.63
2026-10-06,QA bulk 0721,,QA Cash,expense,0.01,USD,872.64
2026-10-06,QA bulk 0454,,QA Cash,expense,0.01,USD,872.65
2026-10-06,QA bulk 0223,,QA Cash,expense,0.01,USD,872.66
2026-10-06,QA bulk 0353,,QA Cash,expense,0.01,USD,872.67
2026-10-06,QA bulk 1002,,QA Cash,expense,0.01,USD,872.68
2026-10-06,QA bulk 0448,,QA Cash,expense,0.01,USD,872.69
2026-10-06,QA bulk 0538,,QA Cash,expense,0.01,USD,872.7
2026-10-06,QA bulk 0708,,QA Cash,expense,0.01,USD,872.71
2026-10-06,QA bulk 0165,,QA Cash,expense,0.01,USD,872.72
2026-10-06,QA bulk 0950,,QA Cash,expense,0.01,USD,872.73
2026-10-06,QA bulk 0810,,QA Cash,expense,0.01,USD,872.74
2026-10-06,QA bulk 0804,,QA Cash,expense,0.01,USD,872.75
2026-10-06,QA bulk 1034,,QA Cash,expense,0.01,USD,872.76
2026-10-06,QA bulk 1103,,QA Cash,expense,0.01,USD,872.77
2026-10-06,QA bulk 0169,,QA Cash,expense,0.01,USD,872.78
2026-10-06,QA bulk 0909,,QA Cash,expense,0.01,USD,872.79
2026-10-06,QA bulk 0562,,QA Cash,expense,0.01,USD,872.8
2026-10-06,QA bulk 0073,,QA Cash,expense,0.01,USD,872.81
2026-10-06,QA bulk 0759,,QA Cash,expense,0.01,USD,872.82
2026-10-06,QA bulk 0206,,QA Cash,expense,0.01,USD,872.83
2026-10-06,QA bulk 0848,,QA Cash,expense,0.01,USD,872.84
2026-10-06,QA bulk 0961,,QA Cash,expense,0.01,USD,872.85
2026-10-06,QA bulk 1088,,QA Cash,expense,0.01,USD,872.86
2026-10-06,QA bulk 0817,,QA Cash,expense,0.01,USD,872.87
2026-10-06,QA bulk 0339,,QA Cash,expense,0.01,USD,872.88
2026-10-06,QA bulk 0675,,QA Cash,expense,0.01,USD,872.89
2026-10-06,QA bulk 0549,,QA Cash,expense,0.01,USD,872.9
2026-10-06,QA bulk 0545,,QA Cash,expense,0.01,USD,872.91
2026-10-06,QA bulk 0984,,QA Cash,expense,0.01,USD,872.92
2026-10-06,QA bulk 0344,,QA Cash,expense,0.01,USD,872.93
2026-10-06,QA bulk 1075,,QA Cash,expense,0.01,USD,872.94
2026-10-06,QA bulk 0287,,QA Cash,expense,0.01,USD,872.95
2026-10-06,QA bulk 0111,,QA Cash,expense,0.01,USD,872.96
2026-10-06,QA bulk 0868,,QA Cash,expense,0.01,USD,872.97
2026-10-06,QA bulk 0769,,QA Cash,expense,0.01,USD,872.98
2026-10-06,QA bulk 1020,,QA Cash,expense,0.01,USD,872.99
2026-10-06,QA recurring race,,QA Cash,expense,1,USD,873
2026-10-06,QA offline,,QA Cash,expense,3,USD,874
2026-10-06,QA split first,,QA Cash,expense,7,USD,877
2026-10-06,QA split second,,QA Cash,expense,13,USD,884
2026-10-06,QA FX transfer,,QA Cash,transfer,10,USD,897
2026-10-06,QA fee transfer,,QA Cash,transfer,10,USD,907
2026-10-06,QA card payment,,QA Cash,transfer,30,USD,919
2026-10-06,QA transfer,,QA Cash,transfer,100,USD,949
2026-10-06,QA income,,QA Cash,income,50,USD,1049
2026-10-05,QA recurring race,,QA Cash,expense,1,USD,999